in_sample_sharpe,out_of_sample_sharpe
0.9471799198735193,-0.01420569737941041
0.9686193260704056,-0.3212663704965866
1.0117218702075947,-0.3424507175492033
0.9349366411263715,-0.1325128318246164
0.9349366411263715,-0.1325128318246164
0.8560805259207774,-0.20807531038157753
0.9471799198735193,-0.01420569737941041
0.9335545902523108,-0.22991843023986122
0.7996060720746911,0.08742778701009933
0.9323894033459141,0.009897066163980128
0.9321581446592265,-0.23377130160177778
0.5143310506005196,0.6751233606097862
0.9522247270707705,-0.26443306170581665
0.9765125563632068,-0.3288023302463038
0.9492578051917044,-0.25740519940428686
0.9686193260704056,-0.3212663704965866
0.9755288704207535,-0.21212028418601733
0.8935374852356559,0.07519260596095852
0.9222099304345378,-0.2938764565072123
0.936985040511159,-0.12074776418404441
0.9755288704207535,-0.21212028418601733
0.8975998146223931,-0.07663989425156503
0.8089184357626161,0.08937964168682551
0.598887049546053,0.3719886964266018
0.9686193260704056,-0.3212663704965866
1.0074900520183936,-0.34069674808623035
0.9163207993392749,-0.09045077001244946
0.9273516244729684,-0.30243783661727736
0.9675163549517855,-0.27541630627900004
0.936985040511159,-0.12074776418404441
0.936985040511159,-0.12074776418404441
0.7974107254084255,0.09751731401276312
0.9323894033459141,0.009897066163980128
0.9852212780459265,-0.29139997435807524
0.7378608653801214,0.06326539054956165
0.9472399263705645,-0.02745429882181289
0.8560805259207774,-0.20807531038157753
0.9273516244729684,-0.30243783661727736
0.7834849906129439,0.07533415213801396
0.9790511700278031,-0.3022056757514961
0.8480591464654225,0.06733198082347215
0.9765125563632068,-0.3288023302463038
0.9335545902523108,-0.22991843023986122
0.874658185764586,-0.0216869931060012
0.9472399263705645,-0.02745429882181289
0.5143310506005196,0.6751233606097862
0.936985040511159,-0.12074776418404441
0.7378608653801214,0.06326539054956165
0.9908547789382894,-0.3203005443144077
0.9686193260704056,-0.3212663704965866
0.9765125563632068,-0.3288023302463038
0.8089184357626161,0.08937964168682551
0.8975998146223931,-0.07663989425156503
0.9341765440905039,-0.1103955513371211
0.9609363348728416,-0.15348938643559565
0.9508646007367955,-0.0356159957351392
0.9852212780459265,-0.29139997435807524
0.8480591464654225,0.06733198082347215
0.961378681448019,-0.291481458779579
0.9563296891613845,-0.2683548357461361
0.6457743476201351,0.27212248865361166
0.961378681448019,-0.291481458779579
0.8975998146223931,-0.07663989425156503
0.582944233706866,0.3886965324200275
0.9536274921123028,-0.16138013776775154
0.8420881630948569,0.002981409404642464
0.6535231669890708,0.24208294573400432
0.8975998146223931,-0.07663989425156503
0.9471799198735193,-0.01420569737941041
0.9341765440905039,-0.1103955513371211
0.942115365978915,-0.29714549388901695
0.8089184357626161,0.08937964168682551
0.9341765440905039,-0.1103955513371211
0.8935374852356559,0.07519260596095852
0.9563296891613845,-0.2683548357461361
0.9324336030095358,-0.10345380530133744
0.8420881630948569,0.002981409404642464
0.7974107254084255,0.09751731401276312
0.9978132376888162,-0.3084184215767012
0.9908547789382894,-0.3203005443144077
0.6306648871807206,0.2492421540341561
0.9349366411263715,-0.1325128318246164
0.8480591464654225,0.06733198082347215
0.9273516244729684,-0.30243783661727736
0.9790511700278031,-0.3022056757514961
0.9335545902523108,-0.22991843023986122
0.9323894033459141,0.009897066163980128
0.8493833995701766,-0.010379855708385233
0.9765125563632068,-0.3288023302463038
0.9273516244729684,-0.30243783661727736
0.9349366411263715,-0.1325128318246164
0.9335424068332439,-0.2935814479831116
0.9222099304345378,-0.2938764565072123
0.9197759145859223,-0.08930200983649557
0.6535231669890708,0.24208294573400432
0.8310595243872642,-0.004561346922231933
0.8067642516484986,0.0855583005355117
0.9563296891613845,-0.2683548357461361
1.0074900520183936,-0.34069674808623035
0.8433715434502248,0.08546601412106898
0.9273516244729684,-0.30243783661727736
0.7996060720746911,0.08742778701009933
0.9335424068332439,-0.2935814479831116
0.9508808240600942,-0.0487072700254237
0.942115365978915,-0.29714549388901695
0.9686193260704056,-0.3212663704965866
0.9686193260704056,-0.3212663704965866
1.0117218702075947,-0.3424507175492033
0.9324336030095358,-0.10345380530133744
0.9335545902523108,-0.22991843023986122
0.7834849906129439,0.07533415213801396
0.9686193260704056,-0.3212663704965866
0.9852212780459265,-0.29139997435807524
0.9341765440905039,-0.1103955513371211
0.9755288704207535,-0.21212028418601733
0.9978132376888162,-0.3084184215767012
0.9508646007367955,-0.0356159957351392
0.8433715434502248,0.08546601412106898
0.7842878005013971,0.10595950765530822
0.9363760791057162,0.008989055702500158
0.936985040511159,-0.12074776418404441
0.9908547789382894,-0.3203005443144077
1.0117218702075947,-0.3424507175492033
0.9324336030095358,-0.10345380530133744
0.8560805259207774,-0.20807531038157753
0.9978132376888162,-0.3084184215767012
0.9471799198735193,-0.01420569737941041
0.9765125563632068,-0.3288023302463038
0.9978132376888162,-0.3084184215767012
0.9790511700278031,-0.3022056757514961
0.9978132376888162,-0.3084184215767012
0.9852212780459265,-0.29139997435807524
0.9471799198735193,-0.01420569737941041
0.9852212780459265,-0.29139997435807524
0.942115365978915,-0.29714549388901695
0.8493833995701766,-0.010379855708385233
1.0083432132423575,-0.3097276379171046
0.9508646007367955,-0.0356159957351392
0.8821146491991878,-0.04402715959649213
0.9349366411263715,-0.1325128318246164
0.5143310506005196,0.6751233606097862
0.7974107254084255,0.09751731401276312
0.7834849906129439,0.07533415213801396
0.9163207993392749,-0.09045077001244946
0.5142723112934526,0.7437758933758666
0.8560805259207774,-0.20807531038157753
0.9508646007367955,-0.0356159957351392
0.8067642516484986,0.0855583005355117
0.9273516244729684,-0.30243783661727736
0.9681297669671872,-0.049869765181200544
0.8560805259207774,-0.20807531038157753
0.7834849906129439,0.07533415213801396
0.6457743476201351,0.27212248865361166
0.8310595243872642,-0.004561346922231933
0.9349366411263715,-0.1325128318246164
1.0117218702075947,-0.3424507175492033
0.8935374852356559,0.07519260596095852
0.9852212780459265,-0.29139997435807524
0.9755288704207535,-0.21212028418601733
0.9686193260704056,-0.3212663704965866
0.5142723112934526,0.7437758933758666
1.0117218702075947,-0.3424507175492033
0.9536274921123028,-0.16138013776775154
0.9163207993392749,-0.09045077001244946
0.9536274921123028,-0.16138013776775154
0.9335424068332439,-0.2935814479831116
0.8420881630948569,0.002981409404642464
0.7970300967551031,0.1004917487182281
0.8821146491991878,-0.04402715959649213
0.94393818767158,-0.04114214515481082
0.9363760791057162,0.008989055702500158
0.9471799198735193,-0.01420569737941041
0.9765125563632068,-0.3288023302463038
0.9492578051917044,-0.25740519940428686
0.9563296891613845,-0.2683548357461361
0.9341765440905039,-0.1103955513371211
0.9492578051917044,-0.25740519940428686
0.8480591464654225,0.06733198082347215
0.6535231669890708,0.24208294573400432
0.9755288704207535,-0.21212028418601733
0.598887049546053,0.3719886964266018
0.8480591464654225,0.06733198082347215
0.9609363348728416,-0.15348938643559565
0.9563296891613845,-0.2683548357461361
0.9609363348728416,-0.15348938643559565
0.936985040511159,-0.12074776418404441
0.8480591464654225,0.06733198082347215
0.9197759145859223,-0.08930200983649557
0.8067642516484986,0.0855583005355117
0.8310595243872642,-0.004561346922231933
0.9563296891613845,-0.2683548357461361
0.9790511700278031,-0.3022056757514961
0.9978079712483653,-0.3129282571245177
0.874658185764586,-0.0216869931060012
0.582944233706866,0.3886965324200275
0.9471799198735193,-0.01420569737941041
0.8821146491991878,-0.04402715959649213
0.9363760791057162,0.008989055702500158
0.8821146491991878,-0.04402715959649213
0.582944233706866,0.3886965324200275
0.8975998146223931,-0.07663989425156503
0.6535231669890708,0.24208294573400432
0.9609363348728416,-0.15348938643559565
0.9335545902523108,-0.22991843023986122
0.9341765440905039,-0.1103955513371211
0.7634790130066565,0.07668401922927597
0.9765125563632068,-0.3288023302463038
0.582944233706866,0.3886965324200275
0.7634790130066565,0.07668401922927597
0.9686193260704056,-0.3212663704965866
0.7634790130066565,0.07668401922927597
0.9492578051917044,-0.25740519940428686
0.942115365978915,-0.29714549388901695
0.936985040511159,-0.12074776418404441
0.9522247270707705,-0.26443306170581665
0.7634790130066565,0.07668401922927597
0.9471799198735193,-0.01420569737941041
0.9323894033459141,0.009897066163980128
0.936985040511159,-0.12074776418404441
0.6535231669890708,0.24208294573400432
0.8935374852356559,0.07519260596095852
0.9341765440905039,-0.1103955513371211
0.9335545902523108,-0.22991843023986122
0.7996060720746911,0.08742778701009933
0.9492578051917044,-0.25740519940428686
0.8493833995701766,-0.010379855708385233
0.9335424068332439,-0.2935814479831116
1.0221344552251277,-0.34516260695380124
0.9852212780459265,-0.29139997435807524
0.7970300967551031,0.1004917487182281
0.9341765440905039,-0.1103955513371211
0.8560805259207774,-0.20807531038157753
0.94393818767158,-0.04114214515481082
0.9765125563632068,-0.3288023302463038
0.9609363348728416,-0.15348938643559565
0.9492578051917044,-0.25740519940428686
1.0117218702075947,-0.3424507175492033
0.9349366411263715,-0.1325128318246164
0.8493833995701766,-0.010379855708385233
0.9790511700278031,-0.3022056757514961
0.8433715434502248,0.08546601412106898
1.0221344552251277,-0.34516260695380124
0.9323894033459141,0.009897066163980128
1.0074900520183936,-0.34069674808623035
0.9790511700278031,-0.3022056757514961
0.9471799198735193,-0.01420569737941041
0.961378681448019,-0.291481458779579
0.9536274921123028,-0.16138013776775154
0.9686193260704056,-0.3212663704965866
0.9508646007367955,-0.0356159957351392
0.7970300967551031,0.1004917487182281
0.9609363348728416,-0.15348938643559565
0.8089184357626161,0.08937964168682551
0.8420881630948569,0.002981409404642464
1.0117218702075947,-0.3424507175492033
0.8433715434502248,0.08546601412106898
0.9908547789382894,-0.3203005443144077
0.9323894033459141,0.009897066163980128
0.7970300967551031,0.1004917487182281
1.0221344552251277,-0.34516260695380124
0.942115365978915,-0.29714549388901695
0.7970300967551031,0.1004917487182281
0.8310595243872642,-0.004561346922231933
0.598887049546053,0.3719886964266018
0.5142723112934526,0.7437758933758666
1.0221344552251277,-0.34516260695380124
0.936985040511159,-0.12074776418404441
0.8821146491991878,-0.04402715959649213
0.9978079712483653,-0.3129282571245177
1.0083432132423575,-0.3097276379171046
0.8310595243872642,-0.004561346922231933
0.94393818767158,-0.04114214515481082
0.8433715434502248,0.08546601412106898
0.582944233706866,0.3886965324200275
0.9536274921123028,-0.16138013776775154
0.9324336030095358,-0.10345380530133744
0.9341765440905039,-0.1103955513371211
0.9686193260704056,-0.3212663704965866
0.9472399263705645,-0.02745429882181289
0.9471799198735193,-0.01420569737941041
0.7834849906129439,0.07533415213801396
0.9609363348728416,-0.15348938643559565
0.9908547789382894,-0.3203005443144077
0.9609363348728416,-0.15348938643559565
0.936985040511159,-0.12074776418404441
0.598887049546053,0.3719886964266018
0.8480591464654225,0.06733198082347215
0.9978132376888162,-0.3084184215767012
0.9675163549517855,-0.27541630627900004
0.9324336030095358,-0.10345380530133744
0.9335424068332439,-0.2935814479831116
0.7634790130066565,0.07668401922927597
0.6306648871807206,0.2492421540341561
0.8420881630948569,0.002981409404642464
0.9675163549517855,-0.27541630627900004
0.9321581446592265,-0.23377130160177778
0.8560805259207774,-0.20807531038157753
0.9349366411263715,-0.1325128318246164
0.7834849906129439,0.07533415213801396
0.94393818767158,-0.04114214515481082
