,turnover
2013-03-31 00:00:00+00:00,0.0
2013-09-30 00:00:00+00:00,0.1077894892698559
2014-03-31 00:00:00+00:00,0.6279057830043073
2014-09-30 00:00:00+00:00,0.06085500570379065
2015-03-31 00:00:00+00:00,0.41186229729106094
2015-09-30 00:00:00+00:00,0.07728212064967614
2016-03-31 00:00:00+00:00,0.33187366511107697
2016-09-30 00:00:00+00:00,0.20982530077579958
2017-03-31 00:00:00+00:00,0.6411325589389767
2017-09-30 00:00:00+00:00,0.5988714654980815
2018-03-31 00:00:00+00:00,0.36474909482586293
2018-09-30 00:00:00+00:00,0.1920309988527444
2019-03-31 00:00:00+00:00,0.11454859524737745
2019-09-30 00:00:00+00:00,0.40707428293614295
2020-03-31 00:00:00+00:00,0.41789690012860575
2020-09-30 00:00:00+00:00,1.06478410158946
2021-03-31 00:00:00+00:00,0.39031635617709076
2021-09-30 00:00:00+00:00,0.15140394410933689
2022-03-31 00:00:00+00:00,0.7490893737118136
2022-09-30 00:00:00+00:00,0.5151393983038404
2023-03-31 00:00:00+00:00,0.6114319978347474
2023-09-30 00:00:00+00:00,0.6000000000000002
2024-03-31 00:00:00+00:00,3.586851492133087e-15
2024-09-30 00:00:00+00:00,0.20000000000000018
2025-03-31 00:00:00+00:00,4.0795092333799026e-16
2025-09-30 00:00:00+00:00,7.891844009509731e-16
2026-03-31 00:00:00+00:00,4.369653655367103e-15
