Date,MaxSharpe,MinVar,EqualWeight
2013,-0.06368039292001093,-0.04583459162378711,-0.03433656898348869
2014,0.1084696934966578,0.060249209387323255,0.048627021428551576
2015,-0.01584233767915655,-0.03200298892392128,-0.055622745742406665
2016,0.04445549763857959,0.06849600596858907,0.08781597300338628
2017,0.10099342626044416,0.061998608002312716,0.09043779184532341
2018,-0.029735235927506376,-0.0238835831557489,-0.04151976288857506
2019,0.15939366060073623,0.1411624427707261,0.17680955318096947
2020,0.09258043751984113,0.06652939057298424,0.09329474780650115
2021,0.0324393264372389,0.01627122313930185,0.1065778601811882
2022,-0.1456399206658463,-0.14108453274721944,-0.1294637217538439
2023,0.052238801733430984,0.0630118377862281,0.08950199992063546
2024,0.14267128954255615,0.054144114289730094,0.06534913284728061
2025,0.277854980847825,0.1498459986984253,0.14746668240413574
2026,0.1785615963320233,0.10331841769276662,0.0848750948106407
