,ACWI,AGG,TLT,LQD,HYG,VNQ,DBC,GLD
2013-03-31 00:00:00+00:00,0.07060160687898456,0.31492885968110956,0.1591560939608598,0.1408477844824388,0.09100993349336833,0.04965140287249797,0.07919536775489733,0.09460895087584369
2013-09-30 00:00:00+00:00,0.07387829992106754,0.31022905736817835,0.15537268347767944,0.1409519031830673,0.09321859534913657,0.050355221608427286,0.08380369948752545,0.09219053960491803
2014-03-31 00:00:00+00:00,0.06955361352623107,0.33292144557173775,0.15947923007087297,0.14875168709055978,0.10522671570245619,0.050359562451790574,0.07409225581535443,0.059615489770997294
2014-09-30 00:00:00+00:00,0.07796524302164594,0.3237842550061481,0.1477312284742156,0.1493352052313886,0.11445334750794019,0.058475963924697484,0.0729051944541547,0.05534956237980941
2015-03-31 00:00:00+00:00,0.08449490693149343,0.32832209410324475,0.13793055160452117,0.14555583181255458,0.11812897485890156,0.055189521948648984,0.07242676099145207,0.057951357749183474
2015-09-30 00:00:00+00:00,0.08327339448377818,0.3223057568972172,0.13092674680392244,0.15092583844856367,0.12326317359471936,0.05558081210191927,0.07651348488544317,0.057210792784436776
2016-03-31 00:00:00+00:00,0.08785460050793757,0.3201505418506764,0.1266166425165103,0.1521677340555776,0.11939961987823981,0.05809276016433508,0.07984971263538626,0.05586838839133713
2016-09-30 00:00:00+00:00,0.08632885723285894,0.3298755207726939,0.13124784973574422,0.14519976051167477,0.1147341316330631,0.0550120850978871,0.07871488430271985,0.05888691071335818
2017-03-31 00:00:00+00:00,0.10197054963040411,0.29147061412516073,0.09930184906146014,0.14859479522617916,0.14109525658663022,0.06530208004386631,0.09074488568091603,0.06151996964538335
2017-09-30 00:00:00+00:00,0.10770616431534423,0.27740903230213604,0.09306762251642386,0.14791461676930914,0.14878113252922315,0.0655280214919032,0.09857532036850068,0.061018089707159794
2018-03-31 00:00:00+00:00,0.10563959694013496,0.27625153347412845,0.09292872024533601,0.14508879572969963,0.15249615226388652,0.06401749848765588,0.1001414958494687,0.06343620700968991
2018-09-30 00:00:00+00:00,0.10366805723090651,0.2821824565787672,0.08955481558311722,0.15053536343254723,0.15961276272131242,0.06152113704513472,0.08838416200354252,0.06454124540467227
2019-03-31 00:00:00+00:00,0.09244159623140327,0.2966765423996073,0.09490445502366565,0.14694403555057506,0.15204469024626863,0.06032631016933333,0.08268190715939908,0.07398046321974779
2019-09-30 00:00:00+00:00,0.09560363312928576,0.28502794659143804,0.09236495007462353,0.14059797195075496,0.15959816369379473,0.06445936938928389,0.08894238102154133,0.07340558414927782
2020-03-31 00:00:00+00:00,0.0877207696891936,0.2860687813811453,0.09759753463356632,0.14282030064078047,0.15638314215074423,0.06692079042426713,0.08772957881734847,0.0747591022629545
2020-09-30 00:00:00+00:00,0.08208124258004756,0.31165867174394585,0.13187639547312185,0.12837186670657344,0.1239130918450747,0.06113213956849203,0.08283017838578438,0.07813641369696019
2021-03-31 00:00:00+00:00,0.07816648435486546,0.30431987430674423,0.12804941446562418,0.12464246139644973,0.13350003686095369,0.059539418645456484,0.0848451468364398,0.08693716313346649
2021-09-30 00:00:00+00:00,0.07647226539272177,0.3021377254213397,0.12374158190749826,0.12654255347678664,0.13624772575760952,0.06070670386925338,0.08319442106526485,0.09095702310952594
2022-03-31 00:00:00+00:00,0.07003345738029305,0.30468103210725034,0.13315961192608367,0.12396214201230248,0.13077760968015845,0.05545865102146261,0.08462827367617139,0.09729922219627796
2022-09-30 00:00:00+00:00,0.07048732902236554,0.2674687173956847,0.13629004334268316,0.12074850461080548,0.11898994207015935,0.0611894011737682,0.10472198807745253,0.12010407430708113
2023-03-31 00:00:00+00:00,0.07308276225162925,0.24182655796203784,0.12917529652738843,0.12083319951528215,0.13167779625735201,0.0637285264626407,0.11402237510373688,0.12565348591993278
2023-09-30 00:00:00+00:00,0.07327964421269281,0.24103070492383177,0.12900431924792152,0.12118778390807704,0.1331777436622538,0.06532777914336055,0.11287934466264637,0.12411268023921622
2024-03-31 00:00:00+00:00,0.07591462395110238,0.22361407874331674,0.11589664445494943,0.1186598440257503,0.13767607305195004,0.06420007808106015,0.13323441332530755,0.1308042443665633
2024-09-30 00:00:00+00:00,0.07479923012359052,0.21945011905140593,0.11816794827568684,0.11916747995390738,0.13751286042532349,0.06175403644322927,0.13502200719311303,0.13412631853374352
2025-03-31 00:00:00+00:00,0.07624574219042901,0.21421930983080376,0.11272198607156242,0.1182276700864064,0.13892105039923874,0.06135125382977141,0.14113799959437562,0.13717498799741268
2025-09-30 00:00:00+00:00,0.07814166700567896,0.19080020958681015,0.0915201300769367,0.11828926543041034,0.15705386120100512,0.06255356316787841,0.1610995832999231,0.14054172023135728
2026-03-31 00:00:00+00:00,0.0841590111941604,0.1893563564409265,0.08902305544318091,0.1202431541169386,0.1641073489116797,0.06452686086354338,0.1687256509292037,0.11985856210036688
2026-09-30 00:00:00+00:00,0.08260336716299466,0.19620290199904167,0.09501565066389481,0.12519378839292283,0.16475734463904815,0.06659874724480477,0.16146939234334423,0.1081588075539489
