,bonds,commodities,equity,gold,real_estate
2013-03-31,0.3,0.0446531654559342,0.29999999999999993,0.2826274167031336,0.07271941784093207
2013-09-30,0.29999999999999993,0.06415157577108097,0.3,0.2452033307888509,0.09064509344006824
2014-03-31,0.3,0.050291564589260734,0.2999999999999997,0.17117633166504276,0.17853210374569678
2014-09-30,0.29999999999999993,0.03174321228787466,0.3,0.12381469128923281,0.24444209642289239
2015-03-31,0.3,0.0086017368062379,0.3,0.10660784691588199,0.28479041627787965
2015-09-30,0.3,0.019136631580880966,0.3,0.09563205156994396,0.285231316849175
2016-03-31,0.3,0.051508588536155184,0.2999999999999997,0.10721657989534952,0.24127483156849566
2016-09-30,0.3,0.0661835783041685,0.2999999999999997,0.09544451793199756,0.2383719037638343
2017-03-31,0.3,0.12360197596365963,0.3,0.1597802445230411,0.11661777951329923
2017-09-30,0.3,0.1251934954660561,0.3,0.15479654815151264,0.12000995638243121
2018-03-31,0.3,0.1280675938958268,0.3,0.17325740265909556,0.09867500344507754
2018-09-30,0.3,0.13129096393811673,0.3,0.19216675629013033,0.07654227977175301
2019-03-31,0.3,0.06717733422356398,0.3,0.20765843675288453,0.1251642290235513
2019-09-30,0.3,0.09050769545669123,0.2627985029111137,0.2304040996289034,0.1162897020032918
2020-03-31,0.3,0.11180952324346405,0.2713967018060719,0.23173326325866125,0.08506051169180286
2020-09-30,0.29999999999999993,0.01561011910418247,0.3,0.20871013124795296,0.17567974964786462
2021-03-31,0.29999999999999993,0.03558978751857248,0.3,0.2055923622043117,0.1588178502771159
2021-09-30,0.3,0.1536071118204073,0.2870615791977449,0.23359552950985657,0.025735779471991294
2022-03-31,0.3,0.19291731247747304,0.1596871107338771,0.3,0.047395576788650015
2022-09-30,0.29999999999999993,0.25977335663826623,0.0748004949167057,0.3,0.06542614844502818
2023-03-31,0.3,0.2686537180338134,0.051361110236989714,0.3,0.07998517172919677
2023-09-30,0.3,0.07400982931398459,0.25329940464297396,0.29999999999999977,0.07269076604304178
2024-03-31,0.3,0.06871305641265167,0.23905839009496685,0.3,0.09222855349238102
2024-09-30,0.29999999999999993,0.02032945680022023,0.3,0.26547360209041976,0.11419694110936021
2025-03-31,0.3,0.03658596901563251,0.2999999999999999,0.23115746715163904,0.13225656383272863
2025-09-30,0.3,0.05072386813606103,0.3,0.17701541863702897,0.17226071322691006
2026-03-31,0.3,0.040347124145550015,0.29999999999999993,0.15277964925592386,0.2068732265985262
2026-09-30,0.29999999999999993,0.053611290317200896,0.29999999999999993,0.15640287159200772,0.18998583809079156
