Date,BL dynamics,BL fixed,GMP,Equal Weight,60/40,All Weather,Markowitz Max Sharpe,Markowitz Min Variance
2013,-0.04363191091843821,-0.041748565457980114,0.001541678325665874,-0.043464004337963824,0.08390501366285008,-0.029404900704698478,-0.06698027524302286,-0.04785785212025473
2014,0.08491402629219724,0.055198208074207056,0.08083722944748906,0.048627098884872044,0.048000583714155276,0.10160917064523822,0.10780428417409538,0.05975441541015658
2015,-0.01981729836317858,-0.041041259829741716,-0.021866576644293367,-0.055622569870135474,-0.009198596916228485,-0.04084876975331109,-0.016028072826621442,-0.032153339609279685
2016,0.08937048936044723,0.09282137871663876,0.06862256711088977,0.08781598150358016,0.0611774146447539,0.06332737518644271,0.04379096284155248,0.06839862240416772
2017,0.12062583435726815,0.12190847814741046,0.11878166362773612,0.09043764239346186,0.15614113833631404,0.1323199903197949,0.09957266605783488,0.061753989743153825
2018,-0.05354002271695546,-0.05340220223130643,-0.041984673270723416,-0.04151975583217393,-0.05205751059870922,-0.04643178942164172,-0.03087550241708703,-0.023920334315190805
2019,0.2002101920690489,0.19853985381849926,0.1818809568630293,0.1768097091367704,0.1930688387480226,0.19031350749509035,0.1554930576140512,0.14108705777120112
2020,0.12554698289324073,0.10666167324355369,0.14470770183279802,0.09329471499049835,0.1347438669777834,0.16267887840718176,0.08671640276360293,0.06627389632622283
2021,0.097160062776672,0.11971805291550885,0.05905216830019433,0.1065778885872457,0.10173687071025772,0.05846627964420681,0.032356120204088956,0.016060280538057414
2022,-0.08973498544075509,-0.11210852793103576,-0.1759494723975924,-0.12946374791371196,-0.16037069555921746,-0.19882097569400958,-0.1448100690539199,-0.14156655290845255
2023,0.1052944922830088,0.11394591279331645,0.1269279989320522,0.08950201130229174,0.154623179269612,0.09670156362026217,0.049069274557892895,0.0628613663521207
2024,0.12548928126819758,0.10935908178051035,0.0752265986902605,0.06534905492100873,0.10788507073481535,0.03854731707402981,0.1257811202938317,0.05399524831245506
2025,0.22621096425007048,0.21690200256782122,0.15697956697417492,0.147466778588504,0.1620518261337418,0.1439017232364026,0.2760201382883285,0.14958400480356437
2026,0.05401929242261949,0.1334102701107276,0.027903310794236802,0.050907117974112515,0.06537958466832294,0.02766665772530419,0.14240880187413274,0.08200344034589735
