Date,avg_corr
2008-03-31,
2008-04-30,
2008-05-31,
2008-06-30,
2008-07-31,
2008-08-31,
2008-09-30,
2008-10-31,
2008-11-30,
2008-12-31,
2009-01-31,
2009-02-28,
2009-03-31,
2009-04-30,
2009-05-31,
2009-06-30,
2009-07-31,
2009-08-31,
2009-09-30,
2009-10-31,
2009-11-30,
2009-12-31,
2010-01-31,
2010-02-28,
2010-03-31,
2010-04-30,
2010-05-31,
2010-06-30,
2010-07-31,
2010-08-31,
2010-09-30,
2010-10-31,
2010-11-30,
2010-12-31,
2011-01-31,
2011-02-28,0.42051490014273946
2011-03-31,0.4192647227757237
2011-04-30,0.43431965684979323
2011-05-31,0.4380664336974765
2011-06-30,0.45962590124496866
2011-07-31,0.46100562664550904
2011-08-31,0.4501164865072024
2011-09-30,0.46209336487051483
2011-10-31,0.3128916810540814
2011-11-30,0.35801616452163537
2011-12-31,0.3503271562644055
2012-01-31,0.33929134069584976
2012-02-29,0.2767294327977312
2012-03-31,0.28340639263064477
2012-04-30,0.3037719917583308
2012-05-31,0.3108569165401112
2012-06-30,0.31310876838382207
2012-07-31,0.29824220037580235
2012-08-31,0.310428418245121
2012-09-30,0.298072084793488
2012-10-31,0.31149568994471294
2012-11-30,0.29451269940991176
2012-12-31,0.3004871176142714
2013-01-31,0.2902555544351684
2013-02-28,0.28878378212340905
2013-03-31,0.29845376176673605
2013-04-30,0.27614504887310487
2013-05-31,0.3086303258549471
2013-06-30,0.35170659319649966
2013-07-31,0.35595165068373474
2013-08-31,0.35815332574200404
2013-09-30,0.34205191823861925
2013-10-31,0.34588587170527185
2013-11-30,0.3472911077924008
2013-12-31,0.35147113682375175
2014-01-31,0.34605114319100866
2014-02-28,0.3495680143157266
2014-03-31,0.35306611627554785
2014-04-30,0.33332306572659887
2014-05-31,0.3363813350322751
2014-06-30,0.3243818496949257
2014-07-31,0.33252639574057874
2014-08-31,0.3798337431218063
2014-09-30,0.39562756241292446
2014-10-31,0.32321438116345524
2014-11-30,0.3138633135862855
2014-12-31,0.32998413818531097
2015-01-31,0.28553401439223336
2015-02-28,0.2713598304680771
2015-03-31,0.2808453992488743
2015-04-30,0.26125871235169973
2015-05-31,0.24312763366591622
2015-06-30,0.22999535616899097
2015-07-31,0.2036748293724325
2015-08-31,0.18527578879975515
2015-09-30,0.18496247867839963
2015-10-31,0.19970328592139797
2015-11-30,0.21279195742754237
2015-12-31,0.2155649608146243
2016-01-31,0.20122170791193242
2016-02-29,0.1982690827959283
2016-03-31,0.22410496228324406
2016-04-30,0.24048779115223234
2016-05-31,0.22524875529314553
2016-06-30,0.22523897695970105
2016-07-31,0.21342518502249658
2016-08-31,0.228203274882495
2016-09-30,0.2317512505690999
2016-10-31,0.23444172524076867
2016-11-30,0.2260801638962518
2016-12-31,0.23099236304621235
2017-01-31,0.24642357977929788
2017-02-28,0.22710281677167363
2017-03-31,0.22763339929864812
2017-04-30,0.22390624616078206
2017-05-31,0.225659326625934
2017-06-30,0.22223947142762887
2017-07-31,0.22051401260482106
2017-08-31,0.21849296741344082
2017-09-30,0.1712889748794277
2017-10-31,0.18130451813155285
2017-11-30,0.18614338212677847
2017-12-31,0.19072010307695603
2018-01-31,0.19311524541521452
2018-02-28,0.24358813518930877
2018-03-31,0.24051120523410968
2018-04-30,0.2532776923163298
2018-05-31,0.25142864199063564
2018-06-30,0.24191632989192513
2018-07-31,0.27138132677974774
2018-08-31,0.27412244909768857
2018-09-30,0.27253931150563676
2018-10-31,0.2834432989050547
2018-11-30,0.2410580423057561
2018-12-31,0.20966617875973242
2019-01-31,0.28298952036723046
2019-02-28,0.29668926296362247
2019-03-31,0.27239283620091703
2019-04-30,0.27056975727821075
2019-05-31,0.25557746322377806
2019-06-30,0.2563606489645349
2019-07-31,0.27242437554586363
2019-08-31,0.24354630436748076
2019-09-30,0.24254747557730366
2019-10-31,0.22431914527932065
2019-11-30,0.2143936251229591
2019-12-31,0.21917523664208657
2020-01-31,0.19504143421590597
2020-02-29,0.19484943484319045
2020-03-31,0.3310733911818857
2020-04-30,0.35436394008749594
2020-05-31,0.36257173620643857
2020-06-30,0.36833613752901034
2020-07-31,0.3998547283986637
2020-08-31,0.3839578205037083
2020-09-30,0.39761002483730723
2020-10-31,0.407469613846405
2020-11-30,0.3860914902060699
2020-12-31,0.39054513755361026
2021-01-31,0.3995387759653964
2021-02-28,0.3565241428729284
2021-03-31,0.3507221173967015
2021-04-30,0.3637051119004787
2021-05-31,0.3642389108007156
2021-06-30,0.3531910059260028
2021-07-31,0.3552074740365237
2021-08-31,0.3557066634000806
2021-09-30,0.3572186288285386
2021-10-31,0.3527167009066674
2021-11-30,0.36664193055977223
2021-12-31,0.3875172696464893
2022-01-31,0.36361139065364556
2022-02-28,0.3505011660119846
2022-03-31,0.33900186741342075
2022-04-30,0.342134956237911
2022-05-31,0.34924875220690305
2022-06-30,0.3681814600940373
2022-07-31,0.3550655102806686
2022-08-31,0.38583957278337505
2022-09-30,0.42673756907459837
2022-10-31,0.4198429297354213
2022-11-30,0.4380568699575461
2022-12-31,0.4336837115221587
2023-01-31,0.460702977908341
2023-02-28,0.48688525103587077
2023-03-31,0.44874625497641185
2023-04-30,0.455135720516368
2023-05-31,0.4562092836715938
2023-06-30,0.4482682988228319
2023-07-31,0.43335190969447523
2023-08-31,0.44165630849331566
2023-09-30,0.44678098219803586
2023-10-31,0.43052399757459936
2023-11-30,0.4332614391328458
2023-12-31,0.4129022612133082
2024-01-31,0.4134763487395066
2024-02-29,0.42955256499086386
2024-03-31,0.44078115148235775
2024-04-30,0.4199263829347686
2024-05-31,0.41767425734328406
2024-06-30,0.43612125029379545
2024-07-31,0.4292143195158088
2024-08-31,0.4280684829566998
2024-09-30,0.43768598275033305
2024-10-31,0.4249670950931829
2024-11-30,0.4112544740317851
2024-12-31,0.40209707674200657
2025-01-31,0.4256921262024413
2025-02-28,0.43769226364724406
2025-03-31,0.4323104623032994
2025-04-30,0.4459846646919753
2025-05-31,0.4538289032224849
2025-06-30,0.42126560494515797
2025-07-31,0.4389664237039052
2025-08-31,0.4231616169566742
2025-09-30,0.34954941499910563
2025-10-31,0.36044052861803133
2025-11-30,0.3350212732339461
2025-12-31,0.32835221842603146
2026-01-31,0.33022588045493756
2026-02-28,0.2859355326250087
2026-03-31,0.249038568176222
2026-04-30,0.2460444011259845
2026-05-31,0.2164594760884649
2026-06-30,0.24670960010623988
2026-07-31,0.2351366534144023
2026-08-31,0.22616458798138178
2026-09-30,0.21381924821604742
