date,turnover
2008-04-30,0.0
2008-10-31,0.0
2009-04-30,0.5933895446880271
2009-10-31,0.0
2010-04-30,0.09492600474728224
2010-10-31,0.0
2011-04-30,0.03422898532185126
2011-10-31,0.0
2012-04-30,0.05877801929443217
2012-10-31,0.0
2013-04-30,0.043232217407178065
2013-10-31,0.0
2014-04-30,0.07827254965809183
2014-10-31,0.0
2015-04-30,0.008018858595148264
2015-10-31,0.0
2016-04-30,0.03402854006586166
2016-10-31,0.0
2017-04-30,0.010393129667298414
2017-10-31,0.0
2018-04-30,0.06100016394644006
2018-10-31,0.0
2019-04-30,0.05905157689652812
2019-10-31,0.0
2020-04-30,0.08820867203954808
2020-10-31,0.0
2021-04-30,0.04922395670259875
2021-10-31,0.0
2022-04-30,0.04398826979472146
2022-10-31,0.0
2023-04-30,0.0873277450496977
2023-10-31,0.0
2024-04-30,0.053226798949946266
2024-10-31,0.0
2025-04-30,0.053655000449221404
2025-10-31,0.0
2026-04-30,0.025576761613553996
